Id;FirstName;LastName;CompanyName;ProfilePictureName;IsBlocked;IsDeleted;CreatedAt;CreatedById;UpdatedAt;UpdatedById;UserName;NormalizedUserName;Email;NormalizedEmail;EmailConfirmed;PasswordHash;SecurityStamp;ConcurrencyStamp;PhoneNumber;PhoneNumberConfirmed;TwoFactorEnabled;LockoutEnd;LockoutEnabled;AccessFailedCount
06a13c8b-6326-49f0-9ac1-c09a748321ee;Jamie;User;;;False;False;2025-03-24 18:34:01;;;;jamie@example.com;JAMIE@EXAMPLE.COM;jamie@example.com;JAMIE@EXAMPLE.COM;True;AQAAAAIAAYagAAAAEG/KXSq9vDyVPvROgUnlZYSOonra8rEe1WhF2mSaL2iYTK3q4OwaNO0oNHvFve0Hsw==;HGP7WNL2EM2N7LITRDTX6O7WLEAIJMJ2;cbcfc945-90d2-473c-afe3-80d5d217d8f5;;False;False;;True;0
41924b24-3b3b-4f87-bec3-695e35b78166;Peyton;User;;;False;False;2025-03-24 18:34:01;;;;peyton@example.com;PEYTON@EXAMPLE.COM;peyton@example.com;PEYTON@EXAMPLE.COM;True;AQAAAAIAAYagAAAAECznQUQ1EAB8wxemPEnuXAUH0M2J4LnD5TQ0DL+LGlnTgfzSLzBzxBcz1WTsG+LPgQ==;VZHFQKYMR527XYRBD5A3F3736KCEBARL;e3e7fc86-84b4-41e3-8260-b08c3b4e6695;;False;False;;True;0
47dc7bbd-ea98-478c-90a2-d23ac3122670;Alex;User;;;False;False;2025-03-24 18:34:01;;;;alex@example.com;ALEX@EXAMPLE.COM;alex@example.com;ALEX@EXAMPLE.COM;True;AQAAAAIAAYagAAAAECmXN979cDJMSrj2/Lu63PQwLOZuGHN5cuGu+H6C7YW2Xxai3CPPBblREhLRHdJCiA==;63GEF3DVZDDWTN5AWWS2DX3TMRKSCVU6;b7275747-7ab9-4271-9b64-d57cfe431cdb;;False;False;;True;0
4942fa97-c5d6-4a78-8bee-72c13cb5d130;Finley;User;;;False;False;2025-03-24 18:34:02;;;;finley@example.com;FINLEY@EXAMPLE.COM;finley@example.com;FINLEY@EXAMPLE.COM;True;AQAAAAIAAYagAAAAEOVJtOmDsknNqrrhlfEzkaT+fuQdmg4d50XcybO5iCCi2FiV+fZk2qpH6pwMSpQk0w==;7KT6DUP5KPNX4I32CFVTXBOG4MQMNC6M;088feabb-737c-4369-8a00-6a39b1eb191d;;False;False;;True;0
4fafd540-e41a-480f-b6fc-e1f17dd31eb4;Taylor;User;;;False;False;2025-03-24 18:34:01;;;;taylor@example.com;TAYLOR@EXAMPLE.COM;taylor@example.com;TAYLOR@EXAMPLE.COM;True;AQAAAAIAAYagAAAAEAjGhVyt6d/7p72V7ZJodvz4dyVzD49H12W2n5VneBeQcKc6ecn8QS390alvmC2caw==;VBZZSBI6SABBEK5FPCH6KHTFGM4DPFZX;ae480346-3b54-459c-bd48-88c4a82a36b1;;False;False;;True;0
5a331191-5bb9-490c-a255-1a0606d0b164;Rowan;User;;;False;False;2025-03-24 18:34:02;;;;rowan@example.com;ROWAN@EXAMPLE.COM;rowan@example.com;ROWAN@EXAMPLE.COM;True;AQAAAAIAAYagAAAAEKLw/g/dLVUH1i2oDTzRwMT1fVz5wK/XbQoOtgWUtUivaMvTTsJINXzQtJT5z2ek2w==;RHGPI6OFK6FDVHHDQ37SR6AQTAI4YPST;d524446e-6489-453d-a0f4-fc93ebd51aea;;False;False;;True;0
5f6fdb95-6fe7-486c-bad8-a7e93451dc64;Avery;User;;;False;False;2025-03-24 18:34:02;;;;avery@example.com;AVERY@EXAMPLE.COM;avery@example.com;AVERY@EXAMPLE.COM;True;AQAAAAIAAYagAAAAEI5CNvps5Ca+35IWhL4dK6HFgdjPW+06HyT6TaZf6qpUq8QPJO4oTLZhbN1CO92vIA==;C5JUCBXDG2TUROGY5LHAIRYUH2HGSNZV;0790e73a-f16d-42ed-80bd-cc3515074bc8;;False;False;;True;0
5fb5a003-65d3-45b4-a51a-0b1bedb4bcb9;Skyler;User;;;False;False;2025-03-24 18:34:02;;;;skyler@example.com;SKYLER@EXAMPLE.COM;skyler@example.com;SKYLER@EXAMPLE.COM;True;AQAAAAIAAYagAAAAELWKCxF+811Eoprz6nI+fqejlT5lrh9/UELQ3ZoZsHWuCRlAPamDCRBd+7T24EvOQQ==;CBGOC45HIRRMETVCMWEPH2GMGGS2FEWY;9f9432c4-65fe-4d46-bac8-bd62608adfcc;;False;False;;True;0
7f59276a-040a-4870-b3e6-5b7d3debc330;Casey;User;;;False;False;2025-03-24 18:34:01;;;;casey@example.com;CASEY@EXAMPLE.COM;casey@example.com;CASEY@EXAMPLE.COM;True;AQAAAAIAAYagAAAAEG7H8N2uHJPWShe0xZo3mq5Jhfw5cHwog6upbM+f3D9OwPnnib06dqZv5J1scYDVJw==;TCFOKKOKC7CRALONEC6UCYWWQUFZRT4F;ecd83348-01b6-4953-ba13-ed97a591e279;;False;False;;True;0
84232432-61d9-42d3-901f-73050ebf1b72;Drew;User;;;False;False;2025-03-24 18:34:01;;;;drew@example.com;DREW@EXAMPLE.COM;drew@example.com;DREW@EXAMPLE.COM;True;AQAAAAIAAYagAAAAEMh0aFjJKM4o1IeAyZ9tkblX+ePTCni7gVuFs9wtMqrOfGajYtWtuz7F4+PHCDqfjA==;GUBOIQKU4FUOFZHGZAQEI6NDLYCRR5G4;e276eac4-1979-4995-b712-1fd89a859203;;False;False;;True;0
8b4ed790-aac7-4f11-a429-d27ba26e2feb;Morgan;User;;;False;False;2025-03-24 18:34:01;;;;morgan@example.com;MORGAN@EXAMPLE.COM;morgan@example.com;MORGAN@EXAMPLE.COM;True;AQAAAAIAAYagAAAAEO9dR7sKwF81mzfF7nCCdrbhZiQ9ekf98xky9B50Q95Dl+SP7u+kSgwjHq4sxGAw5w==;K5HMXVI755HV4LBDMIFCOGTDWENNCOSE;3704f591-1b6b-4455-9396-1c4de330b1c5;;False;False;;True;0
91b17e3d-3839-4fef-828b-8cbb67683f80;Emerson;User;;;False;False;2025-03-24 18:34:02;;;;emerson@example.com;EMERSON@EXAMPLE.COM;emerson@example.com;EMERSON@EXAMPLE.COM;True;AQAAAAIAAYagAAAAEJmtGxgbBaOfIXPj7/6rBCVKN+ziTh99r6I/N3wVQz57F8leBa+jYsGhdFxzhtDSog==;6OUUWIYBX5776G4GH3ECGXIBX7ET74FM;e1090924-4405-40fa-b923-209026260fdf;;False;False;;True;0
9b5330e4-fded-4f9f-a01a-46c2d604bd05;Cameron;User;;;False;False;2025-03-24 18:34:01;;;;cameron@example.com;CAMERON@EXAMPLE.COM;cameron@example.com;CAMERON@EXAMPLE.COM;True;AQAAAAIAAYagAAAAEFcZAeozKyePR3m9xfoB5nlJKbA3wNua2/U22xHKRAF5Oa2mudodIA8+rAtQRdQWhw==;3TTN7UIMC3U2E5DVQD6RTDZHSP7D3LHH;bd38be2f-603b-47f5-b125-e12f23d202e7;;False;False;;True;0
a4cb239d-050e-4cab-a744-b3d8dcb1b717;Harper;User;;;False;False;2025-03-24 18:34:02;;;;harper@example.com;HARPER@EXAMPLE.COM;harper@example.com;HARPER@EXAMPLE.COM;True;AQAAAAIAAYagAAAAEOH6wNMXmeRpIyRkdlhlHvGtAocaXZV2cYsgCbMUB8VxWuaQoLQVqBDdSIibykrNVw==;IUPQEIC5W7IWBLRDBMWH4BHVOWYBVZWX;584af25d-a44a-4754-bb5f-4f23ab50b3fa;;False;False;;True;0
a52dde9a-d999-478c-808a-026fcc94b433;Riley;User;;;False;False;2025-03-24 18:34:01;;;;riley@example.com;RILEY@EXAMPLE.COM;riley@example.com;RILEY@EXAMPLE.COM;True;AQAAAAIAAYagAAAAEC1IS+ZAeE3DKv/BWB2MOI/moIbz4nfnwx4yjQCzouR5cCG3Jtp40Uz+h282Rc2zSQ==;G2PFCOCGEO37UXXKFUFS3GHCFTPL53BH;e5f1ebef-2306-4b5f-b8f5-99ecf8ac82a9;;False;False;;True;0
b5fa1e41-4a58-4395-958f-82390eedf37b;Jordan;User;;;False;False;2025-03-24 18:34:01;;;;jordan@example.com;JORDAN@EXAMPLE.COM;jordan@example.com;JORDAN@EXAMPLE.COM;True;AQAAAAIAAYagAAAAENrn82GhKvCDWSKPVzw/2RHFSQ1U+UtRnxwsx9pLuSBu2O5sARD77MdejljeUwQvEw==;TIS645XFWOZX5WLAJF7D7IAAHCQFPBBM;7d6e12cc-68f5-415b-9d70-33e70c4f0f58;;False;False;;True;0
c75592d1-6748-47b0-a1fc-9b4622819566;Dakota;User;;;False;False;2025-03-24 18:34:02;;;;dakota@example.com;DAKOTA@EXAMPLE.COM;dakota@example.com;DAKOTA@EXAMPLE.COM;True;AQAAAAIAAYagAAAAELafJh3Z9pI9jv78dGUhzwMuU2O58Fz8aKO6YgiukqLTlhazQChE3XHQHz43B5ZfUg==;CW6GUVST5NKND36WJ4BGSQ2HBPOLMRAV;54d68b92-72a0-475d-a6a1-f3050888f782;;False;False;;True;0
ce2fb3ea-759a-4413-9d7f-70a58f7aaf8d;Quinn;User;;;False;False;2025-03-24 18:34:02;;;;quinn@example.com;QUINN@EXAMPLE.COM;quinn@example.com;QUINN@EXAMPLE.COM;True;AQAAAAIAAYagAAAAEK4opitD1mMNth4J7JASCYJajfrsOYOyzuMXaOL2e7KeKfCgcZws5E69gPTbB6xItA==;MJVIPYNVSTP4MDSKJ2GWNC77W7LNCMX3;d09421f2-06bf-4d05-9523-2e68010066f3;;False;False;;True;0
e216b074-c42e-4f13-8404-cc46500dd6f1;Root;Admin;;;False;False;2025-03-24 18:34:01;;;;admin@root.com;ADMIN@ROOT.COM;admin@root.com;ADMIN@ROOT.COM;True;AQAAAAIAAYagAAAAEIHPRP6uF9foYT5lWPv2g1KjYxOG6DAD1VyikSc+C0byFlS6lc3b/ePvCHls/TbfyQ==;EAN5VJ4D3FAZ2VBB2KOFA5JA7VDNLU7C;deffeea9-528d-44ea-9ca2-2283251f8629;;False;False;;True;0
e63d10f5-9be0-4d2a-bcab-826372d1179d;Sage;User;;;False;False;2025-03-24 18:34:02;;;;sage@example.com;SAGE@EXAMPLE.COM;sage@example.com;SAGE@EXAMPLE.COM;True;AQAAAAIAAYagAAAAEF39fpxdW8e7MMyFkOGuXruM4IFboBztIOO7jBFDn6W/1BCVGUk+5CIoUs8LeEZezw==;R2T37ZT657Z7RGRKEZARZT3IKTR66PJQ;10cf778d-0f5a-457d-bd25-26dc8ee82a82;;False;False;;True;0
eb18f18b-2706-41b7-8b15-282a289b6357;Charlie;User;;;False;False;2025-03-24 18:34:02;;;;charlie@example.com;CHARLIE@EXAMPLE.COM;charlie@example.com;CHARLIE@EXAMPLE.COM;True;AQAAAAIAAYagAAAAENEP3LH8wyHznxUMdYJmBRpK7j9qs8tRDXY9VqjJNdaaak5mJbl+ZnB94gIaLcEUXA==;EWSFCDXWWWJQ6QG6DA2RGEG7WBOL3U6T;7cc656c8-c1de-46de-ac3d-14315e460381;;False;False;;True;0
