Id;LeadId;Number;FullName;Description;AddressStreet;AddressCity;AddressState;AddressZipCode;AddressCountry;PhoneNumber;FaxNumber;MobileNumber;Email;Website;WhatsApp;LinkedIn;Facebook;Twitter;Instagram;AvatarName;IsDeleted;CreatedAtUtc;CreatedById;UpdatedAtUtc;UpdatedById
049c25ca-e6e3-403c-a34b-b2aa03fc1a1e;54b1e895-79e5-4ced-ad01-b2aa03fc14d9;005620250324LC;Contact 5717;Sample contact description;456 Elm St;Anytown;State;67890;Country;+1367-195-1834;+1736-627-7833;+1338-201-3301;contact2142@company.com;www.contact5601.com;+1254-700-5105;linkedin.com/in/contact1789;facebook.com/contact5293;twitter.com/contact6815;instagram.com/contact6072;avatar_67.jpg;False;2025-03-24 18:34:13;;;
0ce0cdbf-b9ef-41b0-89fc-b2aa03fc18cb;df871dbe-d867-470f-8f0c-b2aa03fc1656;000720250324LC;Contact 6394;Sample contact description;456 Elm St;Anytown;State;67890;Country;+1800-943-4343;+1898-997-2829;+1545-771-4000;contact3307@company.com;www.contact2297.com;+1382-765-3518;linkedin.com/in/contact7563;facebook.com/contact6423;twitter.com/contact2516;instagram.com/contact4268;avatar_29.jpg;False;2025-03-24 18:34:13;;;
0d5dc50c-cb6d-47dc-92b7-b2aa03fc19a7;e2e1045d-4772-4fd9-bac6-b2aa03fc11ed;003820250324LC;Contact 3685;Sample contact description;456 Elm St;Anytown;State;67890;Country;+1196-169-2354;+1601-578-4661;+1714-697-8096;contact8542@company.com;www.contact3761.com;+1765-560-3279;linkedin.com/in/contact8405;facebook.com/contact8695;twitter.com/contact5736;instagram.com/contact8528;avatar_98.jpg;False;2025-03-24 18:34:13;;;
163581e2-a415-449f-9323-b2aa03fc19e5;816a9cf7-1edc-4230-9bc4-b2aa03fc1470;004720250324LC;Contact 2169;Sample contact description;456 Elm St;Anytown;State;67890;Country;+1365-738-8210;+1250-439-3885;+1104-309-3198;contact1969@company.com;www.contact6145.com;+1639-831-1526;linkedin.com/in/contact8799;facebook.com/contact4805;twitter.com/contact8347;instagram.com/contact9462;avatar_69.jpg;False;2025-03-24 18:34:13;;;
171b6422-4c53-4c9a-935c-b2aa03fc18ec;bf3c5f8d-1720-45c6-a322-b2aa03fc13cc;001220250324LC;Contact 5434;Sample contact description;456 Elm St;Anytown;State;67890;Country;+1396-579-8257;+1946-637-5100;+1758-327-6154;contact9420@company.com;www.contact8775.com;+1108-612-5102;linkedin.com/in/contact3777;facebook.com/contact2692;twitter.com/contact4899;instagram.com/contact2521;avatar_91.jpg;False;2025-03-24 18:34:13;;;
1c4100f6-9a45-4692-82ee-b2aa03fc1a28;1ec3ff39-219e-45cc-9b48-b2aa03fc12e1;005720250324LC;Contact 8443;Sample contact description;456 Elm St;Anytown;State;67890;Country;+1965-782-6206;+1188-258-2015;+1115-259-9770;contact8251@company.com;www.contact6854.com;+1103-962-2579;linkedin.com/in/contact7455;facebook.com/contact2509;twitter.com/contact7658;instagram.com/contact7388;avatar_27.jpg;False;2025-03-24 18:34:13;;;
1e40da9d-7e44-49fc-b652-b2aa03fc18f2;0f45fab5-42ec-4095-a937-b2aa03fc1177;001320250324LC;Contact 7611;Sample contact description;456 Elm St;Anytown;State;67890;Country;+1184-745-5682;+1974-787-1456;+1368-943-8888;contact3359@company.com;www.contact7281.com;+1305-282-1395;linkedin.com/in/contact2407;facebook.com/contact9719;twitter.com/contact5276;instagram.com/contact9554;avatar_61.jpg;False;2025-03-24 18:34:13;;;
20bfa26d-1d71-4f40-8a4a-b2aa03fc18ff;16e02452-2a99-41c5-aa46-b2aa03fc17b4;001520250324LC;Contact 1138;Sample contact description;456 Elm St;Anytown;State;67890;Country;+1314-288-1929;+1201-203-5067;+1369-884-6150;contact1101@company.com;www.contact5862.com;+1793-521-7664;linkedin.com/in/contact8393;facebook.com/contact5545;twitter.com/contact2546;instagram.com/contact6225;avatar_40.jpg;False;2025-03-24 18:34:13;;;
298652e1-eaba-4867-bc07-b2aa03fc19ef;f6f1c90e-ebcb-447e-9040-b2aa03fc1716;004920250324LC;Contact 2165;Sample contact description;456 Elm St;Anytown;State;67890;Country;+1956-737-3647;+1928-861-5959;+1866-347-3403;contact8255@company.com;www.contact1653.com;+1187-389-2387;linkedin.com/in/contact4851;facebook.com/contact1581;twitter.com/contact3068;instagram.com/contact6200;avatar_84.jpg;False;2025-03-24 18:34:13;;;
31b566dc-694e-4195-b673-b2aa03fc192a;26aeeca9-351f-4590-b47a-b2aa03fc1764;002120250324LC;Contact 9466;Sample contact description;456 Elm St;Anytown;State;67890;Country;+1942-718-8712;+1393-778-3421;+1329-633-3833;contact9596@company.com;www.contact3510.com;+1259-514-8468;linkedin.com/in/contact8941;facebook.com/contact2115;twitter.com/contact6352;instagram.com/contact6713;avatar_19.jpg;False;2025-03-24 18:34:13;;;
3c3770b0-ab58-4f15-8b0b-b2aa03fc1917;ab37cc8f-e14d-40fa-b240-b2aa03fc0fd5;001820250324LC;Contact 7008;Sample contact description;456 Elm St;Anytown;State;67890;Country;+1351-427-2782;+1292-328-1278;+1400-235-5986;contact6985@company.com;www.contact3759.com;+1182-267-3526;linkedin.com/in/contact7354;facebook.com/contact6507;twitter.com/contact5657;instagram.com/contact6036;avatar_16.jpg;False;2025-03-24 18:34:13;;;
3d45d92d-11ec-437d-a43c-b2aa03fc18b9;1faa7ff5-5b39-4937-ad58-b2aa03fc1647;000420250324LC;Contact 5223;Sample contact description;456 Elm St;Anytown;State;67890;Country;+1834-258-1157;+1371-652-7775;+1256-635-3482;contact4826@company.com;www.contact5274.com;+1705-562-2817;linkedin.com/in/contact1411;facebook.com/contact6379;twitter.com/contact4891;instagram.com/contact6181;avatar_52.jpg;False;2025-03-24 18:34:13;;;
410ae402-1c76-4a9f-83e1-b2aa03fc1971;0e29f0e5-27c0-4630-b33b-b2aa03fc1467;003220250324LC;Contact 8919;Sample contact description;456 Elm St;Anytown;State;67890;Country;+1187-684-3363;+1336-189-5888;+1145-622-8730;contact6496@company.com;www.contact5410.com;+1423-184-3737;linkedin.com/in/contact7039;facebook.com/contact4720;twitter.com/contact1513;instagram.com/contact7227;avatar_69.jpg;False;2025-03-24 18:34:13;;;
4f180a90-7cd8-444b-92c1-b2aa03fc18bf;dae1016b-7447-4e75-8479-b2aa03fc16cc;000520250324LC;Contact 2978;Sample contact description;456 Elm St;Anytown;State;67890;Country;+1107-562-9622;+1239-412-8892;+1694-460-1170;contact2360@company.com;www.contact9646.com;+1606-757-8386;linkedin.com/in/contact6180;facebook.com/contact8633;twitter.com/contact4714;instagram.com/contact2732;avatar_42.jpg;False;2025-03-24 18:34:13;;;
4fb6f3ae-db8f-4458-a7b7-b2aa03fc1937;cf18b11a-f06d-4c31-9046-b2aa03fc126d;002320250324LC;Contact 7017;Sample contact description;456 Elm St;Anytown;State;67890;Country;+1568-831-3449;+1326-461-9825;+1865-822-3782;contact1797@company.com;www.contact9190.com;+1811-323-6675;linkedin.com/in/contact9120;facebook.com/contact3951;twitter.com/contact5057;instagram.com/contact1074;avatar_59.jpg;False;2025-03-24 18:34:13;;;
4fef2f8e-c378-4274-8b29-b2aa03fc19b1;8ea8b5b9-a444-4bde-9491-b2aa03fc1603;003920250324LC;Contact 1246;Sample contact description;456 Elm St;Anytown;State;67890;Country;+1809-381-9302;+1988-831-2741;+1694-363-1889;contact5123@company.com;www.contact3101.com;+1276-822-3006;linkedin.com/in/contact7803;facebook.com/contact2584;twitter.com/contact8846;instagram.com/contact2995;avatar_5.jpg;False;2025-03-24 18:34:13;;;
54c1533b-e14a-4164-8c69-b2aa03fc192f;387468bc-61f6-446f-a9d4-b2aa03fc174e;002220250324LC;Contact 8378;Sample contact description;456 Elm St;Anytown;State;67890;Country;+1879-491-3586;+1725-825-1263;+1222-961-5113;contact3214@company.com;www.contact6749.com;+1625-419-7455;linkedin.com/in/contact1980;facebook.com/contact1989;twitter.com/contact5114;instagram.com/contact5861;avatar_8.jpg;False;2025-03-24 18:34:13;;;
5f0022e1-07c5-48a5-b59a-b2aa03fc1942;797e1210-2305-41da-ac62-b2aa03fc1534;002520250324LC;Contact 5989;Sample contact description;456 Elm St;Anytown;State;67890;Country;+1512-820-2941;+1664-553-6001;+1888-720-4299;contact5835@company.com;www.contact3710.com;+1754-589-5075;linkedin.com/in/contact8061;facebook.com/contact2022;twitter.com/contact6956;instagram.com/contact4043;avatar_38.jpg;False;2025-03-24 18:34:13;;;
6416bf6b-cc43-4654-b682-b2aa03fc194b;98f144a4-f0a5-4de5-bc2b-b2aa03fc17fb;002720250324LC;Contact 3394;Sample contact description;456 Elm St;Anytown;State;67890;Country;+1641-992-5387;+1807-761-3606;+1499-458-9333;contact5677@company.com;www.contact9680.com;+1614-256-9185;linkedin.com/in/contact1823;facebook.com/contact2072;twitter.com/contact8906;instagram.com/contact1989;avatar_10.jpg;False;2025-03-24 18:34:13;;;
6f1b0f9b-ec9c-46cc-aa29-b2aa03fc19c6;579cae4a-00ff-4f0b-a7b9-b2aa03fc12ff;004220250324LC;Contact 8337;Sample contact description;456 Elm St;Anytown;State;67890;Country;+1486-782-8939;+1909-460-1563;+1665-745-5307;contact9790@company.com;www.contact7190.com;+1298-556-2973;linkedin.com/in/contact3893;facebook.com/contact1054;twitter.com/contact1101;instagram.com/contact5604;avatar_62.jpg;False;2025-03-24 18:34:13;;;
737cee09-a2d9-4a2c-b640-b2aa03fc18a0;83b2d0af-8720-4025-9919-b2aa03fc1447;000220250324LC;Contact 3596;Sample contact description;456 Elm St;Anytown;State;67890;Country;+1232-741-8212;+1807-549-6462;+1895-409-8299;contact1319@company.com;www.contact9971.com;+1243-846-3779;linkedin.com/in/contact6050;facebook.com/contact5773;twitter.com/contact9989;instagram.com/contact9268;avatar_70.jpg;False;2025-03-24 18:34:13;;;
75110cde-8a59-4245-970c-b2aa03fc191d;168236f8-4452-4f3b-916c-b2aa03fc161a;001920250324LC;Contact 4591;Sample contact description;456 Elm St;Anytown;State;67890;Country;+1350-131-1915;+1543-919-1837;+1686-957-2324;contact4355@company.com;www.contact4795.com;+1639-796-7581;linkedin.com/in/contact7256;facebook.com/contact9564;twitter.com/contact5444;instagram.com/contact2457;avatar_19.jpg;False;2025-03-24 18:34:13;;;
770c3294-33d3-434f-b1f2-b2aa03fc19d4;fc858fab-622f-4f50-9b9b-b2aa03fc15d0;004420250324LC;Contact 8682;Sample contact description;456 Elm St;Anytown;State;67890;Country;+1558-597-1468;+1709-857-2010;+1940-242-3813;contact7283@company.com;www.contact4384.com;+1566-975-1568;linkedin.com/in/contact7739;facebook.com/contact7788;twitter.com/contact8304;instagram.com/contact1932;avatar_21.jpg;False;2025-03-24 18:34:13;;;
7cbd9198-e637-471d-997b-b2aa03fc18d2;caf8994e-5276-4552-a5ff-b2aa03fc1508;000820250324LC;Contact 9901;Sample contact description;456 Elm St;Anytown;State;67890;Country;+1376-415-3744;+1789-102-3584;+1252-162-1854;contact2267@company.com;www.contact5469.com;+1666-288-3041;linkedin.com/in/contact5635;facebook.com/contact3692;twitter.com/contact2900;instagram.com/contact4295;avatar_18.jpg;False;2025-03-24 18:34:13;;;
7d5cbeee-deb2-4695-9652-b2aa03fc195f;6c3d19b5-5bd5-4a3e-b73f-b2aa03fc132a;002920250324LC;Contact 6392;Sample contact description;456 Elm St;Anytown;State;67890;Country;+1433-442-1085;+1217-689-1849;+1228-756-9844;contact2592@company.com;www.contact6981.com;+1921-407-6199;linkedin.com/in/contact7296;facebook.com/contact7184;twitter.com/contact8516;instagram.com/contact6542;avatar_36.jpg;False;2025-03-24 18:34:13;;;
7e21ebfe-ad60-4c36-9f57-b2aa03fc19ba;e943befb-c1f9-449f-ac62-b2aa03fc17e6;004020250324LC;Contact 3592;Sample contact description;456 Elm St;Anytown;State;67890;Country;+1445-764-3860;+1292-847-1508;+1382-862-9190;contact6304@company.com;www.contact6011.com;+1485-748-2821;linkedin.com/in/contact8799;facebook.com/contact2357;twitter.com/contact2641;instagram.com/contact1057;avatar_78.jpg;False;2025-03-24 18:34:13;;;
91f7f182-5e27-4f7a-815e-b2aa03fc19bf;01e8317c-cef7-4f6a-a461-b2aa03fc12d5;004120250324LC;Contact 7680;Sample contact description;456 Elm St;Anytown;State;67890;Country;+1929-615-4999;+1373-708-3753;+1802-516-2107;contact4809@company.com;www.contact5730.com;+1360-906-5796;linkedin.com/in/contact9855;facebook.com/contact2873;twitter.com/contact7997;instagram.com/contact5734;avatar_31.jpg;False;2025-03-24 18:34:13;;;
93c34b4b-0033-4509-ab0c-b2aa03fc196c;adc5df73-281e-46fc-9cc2-b2aa03fc128a;003120250324LC;Contact 1504;Sample contact description;456 Elm St;Anytown;State;67890;Country;+1341-389-4415;+1535-203-1432;+1400-551-2021;contact5051@company.com;www.contact6193.com;+1544-186-8288;linkedin.com/in/contact5790;facebook.com/contact1141;twitter.com/contact2492;instagram.com/contact7039;avatar_95.jpg;False;2025-03-24 18:34:13;;;
981672e5-5efd-4226-b196-b2aa03fc1982;a1e253cc-d330-4366-b95a-b2aa03fc12db;003420250324LC;Contact 4262;Sample contact description;456 Elm St;Anytown;State;67890;Country;+1974-565-6450;+1382-418-3297;+1604-783-6555;contact3433@company.com;www.contact4812.com;+1563-217-2921;linkedin.com/in/contact3337;facebook.com/contact8822;twitter.com/contact3456;instagram.com/contact3387;avatar_66.jpg;False;2025-03-24 18:34:13;;;
9a082588-6e41-42bd-bc77-b2aa03fc18e6;955ee65a-d9f7-4fcd-b07c-b2aa03fc1735;001120250324LC;Contact 2656;Sample contact description;456 Elm St;Anytown;State;67890;Country;+1601-634-4406;+1274-502-1056;+1869-636-4327;contact3588@company.com;www.contact7771.com;+1163-108-4467;linkedin.com/in/contact3475;facebook.com/contact8361;twitter.com/contact6729;instagram.com/contact2280;avatar_54.jpg;False;2025-03-24 18:34:13;;;
9a23e3f6-3a92-4837-84a5-b2aa03fc19de;a9215bcb-6abc-4989-991c-b2aa03fc176f;004620250324LC;Contact 6691;Sample contact description;456 Elm St;Anytown;State;67890;Country;+1918-487-1441;+1523-448-5469;+1914-713-9558;contact2798@company.com;www.contact1185.com;+1559-687-6366;linkedin.com/in/contact6837;facebook.com/contact3917;twitter.com/contact7918;instagram.com/contact6655;avatar_78.jpg;False;2025-03-24 18:34:13;;;
9be3602c-8b9f-414d-a4b0-b2aa03fc1a0a;6e1689ef-7c4f-4087-9059-b2aa03fc15f6;005320250324LC;Contact 1422;Sample contact description;456 Elm St;Anytown;State;67890;Country;+1362-172-4475;+1923-960-6531;+1544-883-1748;contact9449@company.com;www.contact5081.com;+1192-439-9228;linkedin.com/in/contact1010;facebook.com/contact5812;twitter.com/contact8644;instagram.com/contact3998;avatar_54.jpg;False;2025-03-24 18:34:13;;;
9e4a6a5d-210f-467d-91ed-b2aa03fc18c5;c18d0a65-0fe3-4ed7-94cb-b2aa03fc1695;000620250324LC;Contact 4815;Sample contact description;456 Elm St;Anytown;State;67890;Country;+1114-778-8517;+1520-243-1631;+1890-143-5513;contact9851@company.com;www.contact5911.com;+1160-788-9360;linkedin.com/in/contact6344;facebook.com/contact9944;twitter.com/contact3617;instagram.com/contact8430;avatar_75.jpg;False;2025-03-24 18:34:13;;;
a5ce3417-3b87-4ff2-97d9-b2aa03fc193c;11f74979-dac5-47c5-abb1-b2aa03fc101d;002420250324LC;Contact 3603;Sample contact description;456 Elm St;Anytown;State;67890;Country;+1387-505-4031;+1470-656-3920;+1938-183-3519;contact6731@company.com;www.contact4686.com;+1947-888-2266;linkedin.com/in/contact9577;facebook.com/contact6911;twitter.com/contact5129;instagram.com/contact4385;avatar_63.jpg;False;2025-03-24 18:34:13;;;
a6c647d8-3190-4b44-8479-b2aa03fc1996;98afa816-6c1e-4208-99c0-b2aa03fc1650;003620250324LC;Contact 7082;Sample contact description;456 Elm St;Anytown;State;67890;Country;+1709-711-9848;+1712-427-2200;+1880-481-2728;contact9969@company.com;www.contact3208.com;+1888-160-8646;linkedin.com/in/contact4132;facebook.com/contact5434;twitter.com/contact4996;instagram.com/contact9513;avatar_66.jpg;False;2025-03-24 18:34:13;;;
afdd3217-3f29-43ca-a515-b2aa03fc18d9;4e0fe1e6-520e-4717-954a-b2aa03fc119c;000920250324LC;Contact 6145;Sample contact description;456 Elm St;Anytown;State;67890;Country;+1862-435-2300;+1395-764-3148;+1634-760-3639;contact8830@company.com;www.contact1938.com;+1923-467-4861;linkedin.com/in/contact5492;facebook.com/contact8736;twitter.com/contact8579;instagram.com/contact5317;avatar_1.jpg;False;2025-03-24 18:34:13;;;
b5a9bb11-7b4c-4e60-a930-b2aa03fc1952;4df2f39d-3832-4535-aee1-b2aa03fc16b3;002820250324LC;Contact 9299;Sample contact description;456 Elm St;Anytown;State;67890;Country;+1283-804-8361;+1825-430-2198;+1805-291-2552;contact3945@company.com;www.contact5967.com;+1477-868-5780;linkedin.com/in/contact7370;facebook.com/contact6224;twitter.com/contact1065;instagram.com/contact7911;avatar_28.jpg;False;2025-03-24 18:34:13;;;
b9bfcff1-c4a8-496d-b754-b2aa03fc19d9;b191f610-45e4-4f25-bcc6-b2aa03fc157a;004520250324LC;Contact 2939;Sample contact description;456 Elm St;Anytown;State;67890;Country;+1149-966-2687;+1510-472-1442;+1629-880-3023;contact4305@company.com;www.contact7261.com;+1593-972-1654;linkedin.com/in/contact4347;facebook.com/contact7362;twitter.com/contact5118;instagram.com/contact8191;avatar_48.jpg;False;2025-03-24 18:34:13;;;
b9e16f33-d8ae-4b35-95a8-b2aa03fc1a04;a9df9f73-dd23-4206-a3a9-b2aa03fc15bc;005220250324LC;Contact 1009;Sample contact description;456 Elm St;Anytown;State;67890;Country;+1226-273-2994;+1836-908-1911;+1636-628-2476;contact1578@company.com;www.contact8663.com;+1716-967-4079;linkedin.com/in/contact4707;facebook.com/contact4567;twitter.com/contact3191;instagram.com/contact6213;avatar_60.jpg;False;2025-03-24 18:34:13;;;
ba124d92-402e-4168-96a9-b2aa03fc1a2d;a9df9f73-dd23-4206-a3a9-b2aa03fc15bc;005820250324LC;Contact 7963;Sample contact description;456 Elm St;Anytown;State;67890;Country;+1913-594-9016;+1824-236-1742;+1333-162-9346;contact3603@company.com;www.contact7797.com;+1657-548-3205;linkedin.com/in/contact8208;facebook.com/contact4031;twitter.com/contact2628;instagram.com/contact1542;avatar_64.jpg;False;2025-03-24 18:34:13;;;
bd991d24-7484-4f45-9d46-b2aa03fc1924;1faa7ff5-5b39-4937-ad58-b2aa03fc1647;002020250324LC;Contact 8062;Sample contact description;456 Elm St;Anytown;State;67890;Country;+1803-684-3698;+1162-767-1463;+1970-788-1749;contact1789@company.com;www.contact8619.com;+1419-879-5669;linkedin.com/in/contact1691;facebook.com/contact1876;twitter.com/contact8754;instagram.com/contact3421;avatar_79.jpg;False;2025-03-24 18:34:13;;;
bea51875-96ae-42cd-a208-b2aa03fc1a18;9fee6ce1-c92a-465f-b846-b2aa03fc170b;005520250324LC;Contact 9269;Sample contact description;456 Elm St;Anytown;State;67890;Country;+1486-393-3398;+1940-644-7597;+1864-690-7323;contact6150@company.com;www.contact6245.com;+1705-980-2290;linkedin.com/in/contact9268;facebook.com/contact7947;twitter.com/contact7272;instagram.com/contact7716;avatar_85.jpg;False;2025-03-24 18:34:13;;;
c026962f-c7b0-400b-8771-b2aa03fc190f;2ccc5256-009b-4e03-9d3f-b2aa03fc17bb;001720250324LC;Contact 5121;Sample contact description;456 Elm St;Anytown;State;67890;Country;+1454-236-5986;+1792-877-6021;+1368-779-7213;contact9418@company.com;www.contact4380.com;+1390-430-8288;linkedin.com/in/contact6552;facebook.com/contact3884;twitter.com/contact4063;instagram.com/contact9375;avatar_40.jpg;False;2025-03-24 18:34:13;;;
c75b1924-e345-4ba5-b9a4-b2aa03fc1909;a1eb8e4d-d2cc-4b2d-b31d-b2aa03fc175f;001620250324LC;Contact 2055;Sample contact description;456 Elm St;Anytown;State;67890;Country;+1154-561-6721;+1305-166-1702;+1310-909-8372;contact1264@company.com;www.contact2720.com;+1995-773-6047;linkedin.com/in/contact9717;facebook.com/contact7087;twitter.com/contact7350;instagram.com/contact6292;avatar_23.jpg;False;2025-03-24 18:34:13;;;
ccaef96c-47ba-4137-90e9-b2aa03fc1a34;98f144a4-f0a5-4de5-bc2b-b2aa03fc17fb;005920250324LC;Contact 6352;Sample contact description;456 Elm St;Anytown;State;67890;Country;+1244-967-3363;+1443-931-4473;+1332-119-3433;contact7413@company.com;www.contact2182.com;+1438-333-5961;linkedin.com/in/contact9517;facebook.com/contact3970;twitter.com/contact4349;instagram.com/contact4982;avatar_92.jpg;False;2025-03-24 18:34:13;;;
cefde533-a97f-4554-b840-b2aa03fc18f9;c6106a23-23eb-48b6-a061-b2aa03fc11b1;001420250324LC;Contact 5602;Sample contact description;456 Elm St;Anytown;State;67890;Country;+1351-208-4278;+1995-124-4841;+1973-604-4215;contact6096@company.com;www.contact3502.com;+1132-610-5163;linkedin.com/in/contact6990;facebook.com/contact5097;twitter.com/contact7177;instagram.com/contact3461;avatar_62.jpg;False;2025-03-24 18:34:13;;;
cfc61461-ebe3-48e3-9c17-b2aa03fc1966;eeb67612-2a50-4515-8b7c-b2aa03fc1076;003020250324LC;Contact 8666;Sample contact description;456 Elm St;Anytown;State;67890;Country;+1932-519-6046;+1878-392-3396;+1162-703-9187;contact1830@company.com;www.contact5458.com;+1146-313-5806;linkedin.com/in/contact1997;facebook.com/contact4137;twitter.com/contact8356;instagram.com/contact1539;avatar_84.jpg;False;2025-03-24 18:34:13;;;
d48fa45e-58b7-4073-b254-b2aa03fc197a;8920dd31-c1d7-4c23-a1a9-b2aa03fc14e3;003320250324LC;Contact 6905;Sample contact description;456 Elm St;Anytown;State;67890;Country;+1875-901-9453;+1156-978-6245;+1409-140-1679;contact3571@company.com;www.contact5120.com;+1105-194-6116;linkedin.com/in/contact6819;facebook.com/contact8798;twitter.com/contact3932;instagram.com/contact9545;avatar_73.jpg;False;2025-03-24 18:34:13;;;
d49a6c40-803f-4d76-8f87-b2aa03fc18e0;305f8d6f-c18d-4832-8149-b2aa03fc1752;001020250324LC;Contact 4654;Sample contact description;456 Elm St;Anytown;State;67890;Country;+1991-868-1026;+1672-206-5993;+1886-738-8272;contact9871@company.com;www.contact5150.com;+1851-380-3375;linkedin.com/in/contact9330;facebook.com/contact5653;twitter.com/contact1816;instagram.com/contact7039;avatar_84.jpg;False;2025-03-24 18:34:13;;;
da588a3d-e0d0-4613-b5c0-b2aa03fc1a3b;ab37cc8f-e14d-40fa-b240-b2aa03fc0fd5;006020250324LC;Contact 6138;Sample contact description;456 Elm St;Anytown;State;67890;Country;+1628-449-6524;+1946-839-2432;+1443-904-6935;contact2502@company.com;www.contact2781.com;+1969-294-4481;linkedin.com/in/contact2006;facebook.com/contact6393;twitter.com/contact2807;instagram.com/contact8461;avatar_27.jpg;False;2025-03-24 18:34:13;;;
dd101473-e1c5-4490-95e6-b2aa03fc18b0;63f53f29-5439-4147-88a6-b2aa03fc1364;000320250324LC;Contact 6023;Sample contact description;456 Elm St;Anytown;State;67890;Country;+1254-754-6194;+1661-144-4793;+1634-907-7813;contact3148@company.com;www.contact2622.com;+1790-826-7492;linkedin.com/in/contact6792;facebook.com/contact9261;twitter.com/contact8169;instagram.com/contact9641;avatar_81.jpg;False;2025-03-24 18:34:13;;;
dd12195f-bbf3-428b-9e6f-b2aa03fc1884;2c86abde-ce95-49ce-8e3c-b2aa03fc1614;000120250324LC;Contact 9520;Sample contact description;456 Elm St;Anytown;State;67890;Country;+1213-618-9904;+1700-638-1353;+1600-757-3319;contact3514@company.com;www.contact9001.com;+1712-259-6086;linkedin.com/in/contact5645;facebook.com/contact8128;twitter.com/contact2299;instagram.com/contact6615;avatar_38.jpg;False;2025-03-24 18:34:13;;;
def9ee89-3401-4c22-9a99-b2aa03fc19ea;e06ec162-6bde-4d2a-8868-b2aa03fc15f0;004820250324LC;Contact 6649;Sample contact description;456 Elm St;Anytown;State;67890;Country;+1597-512-3639;+1580-108-4221;+1854-730-5483;contact2263@company.com;www.contact7088.com;+1105-538-5694;linkedin.com/in/contact1387;facebook.com/contact3793;twitter.com/contact2527;instagram.com/contact9506;avatar_31.jpg;False;2025-03-24 18:34:13;;;
e6505fdd-a874-4c28-a4f6-b2aa03fc1947;a958e814-27ab-4ccf-a579-b2aa03fc1116;002620250324LC;Contact 6536;Sample contact description;456 Elm St;Anytown;State;67890;Country;+1942-579-7074;+1652-607-1931;+1773-567-3699;contact1035@company.com;www.contact8642.com;+1167-599-7114;linkedin.com/in/contact8960;facebook.com/contact7434;twitter.com/contact2822;instagram.com/contact9567;avatar_81.jpg;False;2025-03-24 18:34:13;;;
ea15433f-89a1-454b-81c2-b2aa03fc19fd;a0b1c007-e7a6-4a7c-90a1-b2aa03fc13dd;005120250324LC;Contact 5049;Sample contact description;456 Elm St;Anytown;State;67890;Country;+1398-832-5261;+1298-207-1258;+1901-987-1294;contact1794@company.com;www.contact6652.com;+1418-310-2541;linkedin.com/in/contact4063;facebook.com/contact1102;twitter.com/contact2266;instagram.com/contact1180;avatar_15.jpg;False;2025-03-24 18:34:13;;;
ecbc44b7-9c23-4ed6-a825-b2aa03fc19a0;11f74979-dac5-47c5-abb1-b2aa03fc101d;003720250324LC;Contact 6186;Sample contact description;456 Elm St;Anytown;State;67890;Country;+1583-158-5819;+1593-457-8512;+1914-341-3319;contact2400@company.com;www.contact3063.com;+1942-450-9675;linkedin.com/in/contact9421;facebook.com/contact8475;twitter.com/contact2093;instagram.com/contact8866;avatar_60.jpg;False;2025-03-24 18:34:13;;;
ecffb7a0-f435-48e2-8085-b2aa03fc19f7;d6180fae-8e70-446e-8e82-b2aa03fc15dc;005020250324LC;Contact 2876;Sample contact description;456 Elm St;Anytown;State;67890;Country;+1828-357-5477;+1597-875-9807;+1267-206-8915;contact3583@company.com;www.contact3802.com;+1409-476-6247;linkedin.com/in/contact4310;facebook.com/contact5595;twitter.com/contact1729;instagram.com/contact5387;avatar_11.jpg;False;2025-03-24 18:34:13;;;
edc06fb7-d346-45d9-b480-b2aa03fc1a12;d83f18c7-ad20-435a-b491-b2aa03fc163c;005420250324LC;Contact 8932;Sample contact description;456 Elm St;Anytown;State;67890;Country;+1302-141-4435;+1153-401-5765;+1609-333-2434;contact6568@company.com;www.contact5089.com;+1270-257-1169;linkedin.com/in/contact1828;facebook.com/contact8986;twitter.com/contact7530;instagram.com/contact1000;avatar_82.jpg;False;2025-03-24 18:34:13;;;
f00bb9f6-3ab1-4342-9cdc-b2aa03fc19cb;dd012787-b620-4ed1-a72d-b2aa03fc17cb;004320250324LC;Contact 8251;Sample contact description;456 Elm St;Anytown;State;67890;Country;+1240-611-9262;+1947-898-1162;+1563-690-6472;contact2860@company.com;www.contact9893.com;+1449-949-4975;linkedin.com/in/contact9530;facebook.com/contact6379;twitter.com/contact6698;instagram.com/contact9977;avatar_99.jpg;False;2025-03-24 18:34:13;;;
fc3b5e92-3a13-437c-80f2-b2aa03fc198c;fe1eeb98-0ea6-4dea-b33e-b2aa03fc1124;003520250324LC;Contact 3309;Sample contact description;456 Elm St;Anytown;State;67890;Country;+1236-307-9607;+1108-717-6040;+1409-836-3597;contact7143@company.com;www.contact2772.com;+1351-377-2821;linkedin.com/in/contact7483;facebook.com/contact8665;twitter.com/contact1897;instagram.com/contact4256;avatar_80.jpg;False;2025-03-24 18:34:13;;;
